{
  "vertices": [
    [
      0.378529103736013,
      0.18988203292762096
    ],
    [
      0.39273481806619187,
      0.2043285220769554
    ],
    [
      0.37684368000192403,
      0.21684881267304523
    ]
  ],
  "edges": [
    [
      0,
      2
    ],
    [
      0,
      1
    ],
    [
      1,
      2
    ]
  ],
  "tiles": [
    {
      "name": "Tile 0",
      "id": 0,
      "type": "plains",
      "population": 0,
      "edges": [
        1,
        2,
        0
      ],
      "neighbors": []
    }
  ]
}